<?xml version="1.0" encoding="UTF-8"?>
<project-private xmlns="http://www.netbeans.org/ns/project-private/1">
    <editor-bookmarks xmlns="http://www.netbeans.org/ns/editor-bookmarks/2" lastBookmarkId="0"/>
    <open-files xmlns="http://www.netbeans.org/ns/projectui-open-files/2">
        <group>
            <file>file:/C:/Users/Letago%20Mahlaela/OneDrive/Documents/NetBeansProjects/ClassTest5Web/src/java/Controller/DepartmentEmployeesServlet.java</file>
            <file>file:/C:/Users/Letago%20Mahlaela/OneDrive/Documents/NetBeansProjects/ClassTest5Web/web/menu.jsp</file>
            <file>file:/C:/Users/Letago%20Mahlaela/OneDrive/Documents/NetBeansProjects/ClassTest5Web/web/login.jsp</file>
            <file>file:/C:/Users/Letago%20Mahlaela/OneDrive/Documents/NetBeansProjects/ClassTest5Web/src/java/Controller/HighestPaidServlet.java</file>
            <file>file:/C:/Users/Letago%20Mahlaela/OneDrive/Documents/NetBeansProjects/ClassTest5Web/web/loginError.jsp</file>
            <file>file:/C:/Users/Letago%20Mahlaela/OneDrive/Documents/NetBeansProjects/ClassTest5Web/web/index.html</file>
            <file>file:/C:/Users/Letago%20Mahlaela/OneDrive/Documents/NetBeansProjects/ClassTest5Web/web/departmentEmployees.jsp</file>
            <file>file:/C:/Users/Letago%20Mahlaela/OneDrive/Documents/NetBeansProjects/ClassTest5Web/web/addEmployee.jsp</file>
            <file>file:/C:/Users/Letago%20Mahlaela/OneDrive/Documents/NetBeansProjects/ClassTest5Web/src/java/Controller/addEmployeeServlet.java</file>
            <file>file:/C:/Users/Letago%20Mahlaela/OneDrive/Documents/NetBeansProjects/ClassTest5Web/src/java/Controller/logoutServlet.java</file>
            <file>file:/C:/Users/Letago%20Mahlaela/OneDrive/Documents/NetBeansProjects/ClassTest5Web/src/java/Controller/loginServlet.java</file>
            <file>file:/C:/Users/Letago%20Mahlaela/OneDrive/Documents/NetBeansProjects/ClassTest5Web/web/add_outcome.jsp</file>
            <file>file:/C:/Users/Letago%20Mahlaela/OneDrive/Documents/NetBeansProjects/ClassTest5Web/web/highestPaid.jsp</file>
            <file>file:/C:/Users/Letago%20Mahlaela/OneDrive/Documents/NetBeansProjects/ClassTest5Web/src/java/Controller/DeleteEmployeeServlet.java</file>
            <file>file:/C:/Users/Letago%20Mahlaela/OneDrive/Documents/NetBeansProjects/ClassTest5Web/web/acessDenied.jsp</file>
        </group>
    </open-files>
</project-private>
